{
    "tama\u00f1os": [
        10000,
        100000,
        1000000
    ],
    "resultados": {
        "Binaria": [
            9.500188753008842e-06,
            1.3200100511312485e-05,
            8.499948307871819e-06
        ],
        "Ternaria": [
            5.500158295035362e-06,
            9.09995287656784e-06,
            8.100178092718124e-06
        ],
        "Saltos": [
            5.579995922744274e-05,
            0.00012710015289485455,
            0.00020619994029402733
        ]
    }
}