{
    "tama\u00f1os": [
        10000,
        100000,
        1000000
    ],
    "resultados": {
        "DualPivotQuick": [
            0.020633400010410696,
            0.26595550001366064,
            2.091377199976705
        ],
        "Heap": [
            0.0635807000217028,
            0.6543976999819279,
            8.236168399977032
        ],
        "Merge": [
            0.044835399952717125,
            0.38844670000253245,
            3.711972999968566
        ],
        "Radix": [
            0.04167740000411868,
            0.5132906000362709,
            4.90012210002169
        ]
    }
}