{
    "tama\u00f1os": [
        10000,
        100000,
        1000000
    ],
    "resultados": {
        "Binaria": [
            2.2899999748915434e-05,
            1.2299977242946625e-05,
            2.2799998987466097e-05
        ],
        "Ternaria": [
            1.8099963199347258e-05,
            8.500006515532732e-06,
            1.4199991710484028e-05
        ],
        "Saltos": [
            4.7600013203918934e-05,
            0.0001868000254034996,
            0.0003236000193282962
        ]
    }
}