{
    "tama\u00f1os": [
        10000,
        100000,
        1000000
    ],
    "resultados": {
        "Binaria": [
            1.1099997209385037e-05,
            1.0499992640689015e-05,
            4.370001261122525e-05
        ],
        "Ternaria": [
            6.80002267472446e-06,
            8.199975127354264e-06,
            8.399976650252938e-06
        ],
        "Saltos": [
            1.090002479031682e-05,
            0.00019690001499839127,
            4.5599997974932194e-05
        ]
    }
}